{
    "counter": {
        "ACTIVE": 17337,
        "INACTIVE": 3663,
        "INVALID": 0,
        "MALICIOUS": 0,
        "SANE": 0,
        "VALID": 0,
        "total": 21000
    },
    "percentage": {
        "ACTIVE": 82.55714285714286,
        "INACTIVE": 17.44368779465689,
        "INVALID": 0,
        "MALICIOUS": 0,
        "SANE": 0,
        "VALID": 0,
        "total": 100.00083065179976
    }
}