{
    "counter": {
        "ACTIVE": 18199,
        "INACTIVE": 2800,
        "INVALID": 1,
        "MALICIOUS": 0,
        "SANE": 0,
        "VALID": 0,
        "total": 21000
    },
    "percentage": {
        "ACTIVE": 86.66190476190476,
        "INACTIVE": 13.362603798797366,
        "INVALID": 0.10834236186348863,
        "MALICIOUS": 0,
        "SANE": 0,
        "VALID": 0,
        "total": 100.13285092256562
    }
}