{
    "counter": {
        "ACTIVE": 16602,
        "INACTIVE": 4395,
        "INVALID": 3,
        "MALICIOUS": 0,
        "SANE": 0,
        "VALID": 0,
        "total": 21000
    },
    "percentage": {
        "ACTIVE": 79.05714285714286,
        "INACTIVE": 20.951518329599086,
        "INVALID": 0.024811843519973533,
        "MALICIOUS": 0,
        "SANE": 0,
        "VALID": 0,
        "total": 100.03347303026192
    }
}